,has_fax,has_email,has_website,has_socialNetwork,has_phone,has_contact_ID
0,0461 820322,chinitarcisio@libero.it,,,0461 820322,cp_9577843435
1,,,http://www.gsbelvedere.it,,,cp_5005303368
2,,,http://www.virtustrento.it,,,cp_2703301249
3,,,http://www.sandafightclub.it,,,cp_2666063943
4,,,http://www.shuitao.it,,,cp_8171504636
5,,,,,,cp_7590257550
6,,lagualdana@gmail.com,,,340 1769736,cp_7144803569
7,,,http://www.agonisticatrentina.it,,,cp_4343156310
8,,,,,,cp_8370037225
9,,,,,,cp_8742784519
10,,info@gigliodiside.org,,,340-6936591,cp_9010200960
11,,,http://gruppoanatnsud.altervista.org/Bocciofila/Direttivo/direttivo.html,,,cp_4561158865
12,,,http://www.ctcalisio.it,,,cp_4563119320
13,,,,,,cp_6467708019
14,,,http://www.tsntrento.it,,,cp_8174863304
15,,flavio6023@alice.it,,,,cp_7063582769
16,,,http://www.atatrento.it,,,cp_6143441923
17,,,http://sites.google.com/site/scuolaequitazionelaroccia/,,,cp_2243949848
18,,,http://www.gscanova.it,,,cp_5905368619
19,,,http://www.cognola.it,,,cp_4364310042
20,,lav.trentino@lav.it,http://www.lav.it/sedi/trentino,,,cp_2771840848
21,,,http://www.gsmarzola.it,,,cp_5441731955
22,,melograno.trento@gmail.com,,,340 4861156,cp_7975155666
23,,info@swingdancetrento.it,http://swingdancetrento.it/,https://www.facebook.com/swingdancetn/,"3388258307 ",cp_2282027545
24,0461 945376,amministrazione@docentisenzafrontiere.org,,,0461 945376,cp_9905031321
25,0444 326792,associazione@microfinanza.it,,,0444 326792,cp_3015364118
26,0471/1968479,info@fondazionesalvadorizanatta.it,,,,cp_5708024003
27,,alcolistianonimitrento@gmail.com,,,334 3175506,cp_3253996187
28,,,http://www.gardolocalcio.it,,,cp_5654125369
29,,,http://www.arcadinoetn.it,,,cp_4910346016
30,,,http://www.letredistanze.it,,,cp_7931812295
31,,,http://www.pallacanestrovillazzano.it,,,cp_3291143831
32,,,http://www.artimarzialitrento.it,,,cp_7412642125
33,,,http://www.trentinovolley.it,,,cp_4287733501
34,,"famiglieperaccoglienzatrentino@gmail.com ",,,0464 712175,cp_5489725702
35,,info.ottimamente@gmail.com,,,392 310 22 71,cp_1601149909
36,0463 461799,info@fondazionetrentinaautismo.it,,,0463 461700,cp_1127995867
37,,compagniadeigiovani@gmail.com,http://www.uilt.it/compagnie/2495/COMPAGNIA_DEI_GIOVANI.html,,347 4843099,cp_9087962315
38,0461236353,"laltrastrada@yahoo.it ",,,"3479870970 ",cp_2924060235
39,0461382616,segreteria@bellesini.it,,,0461930155,cp_4831694379
40,,,http://www.csitrentonuoto.it,,,cp_2621712414
41,,info@csaautismocoopsociale.it,,,342 3017463,cp_3312516455
42,,segreteria@aritn.it,http://www.aritn.it,,,cp_2551604281
43,,,http://www.sportivando.it,,,cp_3452463100
44,,associazioneausertn@gmail.com,,,0461391408,cp_5837485578
45,0461 920293,baobab_nov@yahoo.it,,,0461 920293,cp_8077029767
46,0461 925751,info@casapadreangelo.it,,,0461 925751,cp_6815124120
47,0461 235008,info@alfid.it,http://www.alfid.it|www.alfid.it,,0461 235008,cp_2531292064
48,0461230775,info@alzheimertrento.org,http://www.alzheimertrento.org,,0461230775,cp_4233201345
49,,,http://www.hockeyamatori.tn.it,,,cp_5345086104
50,02700560894,trento@amicitrentini.it,,,0461260490,cp_5611901570
51,,gr150@amnesty.it,,,3899896266,cp_4379930844
52,0461230235,trento@ana.it,,,0461985246,cp_5045158889
53,0461407500,associazione@anffas.tn.it,,,0461407511,cp_2294333494
54,0461 917395,info@neonatologiatrentina.it,,,0461 917395,cp_5951795882
55,,info@aftonlus.org,http://www.aftonlus.org,,0461232319,cp_3485213814
56,06/32723522,trento@coni.it,http://www.conitrento.it/,,0461/217491,cp_1038689046
57,0461235986,mail@cooplarete.org,,,0461987269,cp_8340281741
58,0461/236757,info@csitrento.it,http://www.csitrento.it,,0461/1821695,cp_7316354162
59,,,http://www.unisport.tn.it,,,cp_8578867381
60,0461 980909,info@diagonal.it,,,0461 980969,cp_3007436298
61,,,http://www.aquilabasket.it,,,cp_2155350711
62,,info@coloniaalpinagardolo.it,,,0461/990279,cp_8867059768
63,0461 934280,info@faicoop.com,http://www.faicoop.com/,,0461 911509,cp_7662889877
64,,trento@famiglienumerose.org,,,338 1083575,cp_7324232147
65,," info@fatefaville.it",,,3387636182,cp_8485117937
66,,trentino@federciclismo.it,http://www.ciclismotrentino.it/,,335 6430486,cp_2994202740
67,0461/982009,avaluke@virgilio.it,http://www.crickitalia.org/it/federazione,,0461/982009,cp_7477873848
68,,dpa.trento@federginnastica.it,http://www.fgitrentino.it/pagina.asp?pid=61,,0461 237879,cp_1211760123
69,,info@fiab-trento.it,https://www.fiab-trento.it/,,328 4691683,cp_7523462082
70,0461981001,fib_trentino@virgilio.it,"http://www.federbocce.it/trento/sede.html ",,0461981001,cp_6997119908
71,,"trento@badmintonitalia.net ","http://www.badmintonitalia.it/ ",,,cp_5756097784
72,,crono.trento@ficr.it,http://www.assokronos.it,,0461986432,cp_7484585768
73,0461/983474,"cr.trento@fidal.it ","http://trentino.fidal.it/ ",,0461/983474,cp_5733634779
74,,,http://www.federbridge.it,,0461932015,cp_6535000945
75,0461984140,info@figctrento.it,"http://www.figctrento.it/ ",,0461984050,cp_5156102094
76,,trentino@figh.it,http://www.figh.it/home/la-figh/organi-territoriali/delegazione-regionale-trentino.html,,0464-435006,cp_6490337623
77,0461269441,fin@fintrentino.it,http://www.fintrentino.it,,0461231456,cp_2003401116
78,0461235957,info@trento.fip.it,"http://fip.it/trentinoaltoadige/DocumentoNoList.asp?IDCartella=1160 ",,0461230784,cp_9983166509
79,0461238242,"segreteria@fipav.tn.it ",http://www.fipav.tn.it,,0461984192,cp_8786754111
80,,trento@fipsas.it,http://www.fipsastrentino.it,,3381599228,cp_8376140765
81,,"info@tamburellotrentino.it ","http://www.tamburellotrentino.it/ ",,,cp_7927559298
82,,trentino@fise.it,https://www.fise.it/federazione/territorio/trentino.html,,338 8700515,cp_2833563731
83,0461986355,"cptrentino@fisg.it ","https://www.fisg.it/web/comitati-regionali/ ",,0461986252,cp_4229269814
84,0461232473,segreteria@fisitrentino.it,http://www.fisitrentino.it/,,0461232256,cp_2837441277
85,,scinauticotn@hotmail.it,"http://www.scinautico.com/home/la-federazione/organizzazione.html ",,,cp_2839888439
86,0461236424,info@fiso.it,"http://www.fiso.it/federazione.php ",,0461231380,cp_1658583774
87,0461982009,"		crtrento@federtennis.it ","www.fittrentino.it ",,0461237162,cp_9230917731
88,,"fitarcotrento@fitarco-italia.org ",http://www.fitarco-italia.org/comitatiregionali/index.php?CercaRegioni=05,,3296378013,cp_4358486024
89,,delegato@trento.fitri.it,http://www.trento.fitri.it,,392 4589266,cp_3647112653
90,,r.bergamaschi@federvela.it,http://www.federvela.it,,3356319053,cp_9744550991
91,,crfpitn@tiscali.it,http://www.fpi.it,,,cp_8105266496
92,0461924606,"socrem.trento@libero.it ",,,0461391442,cp_1557356243
93,,,http://www.trentinocricketclub.altervista.org/,,,cp_2264264305
94,,info@trent-o.org,http://www.trent-o.org,,,cp_2179591951
95,0461/231128,trento@uisp.it,http://www.uisp.it/trento,,0461/231128,cp_9907629019
96,0461 1590437,associazione@prodigio.it,,,0461 925161,cp_2282821875
97,,info@puntofamiglie.it,http://www.puntofamiglie.it|www.puntofamiglie.it,,0461 391383,cp_5216612640
98,0461932287,info@romaclubtrentino.it,,,0461932287,cp_4261378259
99,,,,,,cp_8091508830
100,,,http://www.acfclarentia.com,,,cp_9760373935
101,,info@yomoyamabanashi.it,,www.facebook.com/yomoyamabanashi,345 7866166,cp_7250390615
102,,,,,,cp_3284177194
103,,,http://www.sportsmile.net,,,cp_1627205858
104,,led@vsi.it,,,0461 268873,cp_1926210880
105,,,,,,cp_4936095732
106,,,http://www.gsdequitazionetrento.com,,,cp_8577360028
107,,info@solterisangiorgio.it,http://www.solterisangiorgio.it/,https://it-it.facebook.com/pages/category/Amateur-Sports-Team/ASD-Solteri-San-Giorgio-Trento-1467300170165326/,,cp_5613904842
108,,,http://www.gsmarzola.it,,,cp_5704789830
109,,,http://www.ilquintosigillo.it,,,cp_5991634662
110,,,http://www.judoteamgc.it,,,cp_2530999856
111,0461911003,info@legapasibattisti.it,,,0461911003,cp_9999278526
112,0461/891140,trento@noiassociazione.it,,,0461/891203,cp_1615309929
113,,parkinson.trento@gmail.com,http://www.parkinson-trento.it,,0461931943,cp_4606248723
114,0461222951,ama.trento@tin.it,,,0461239640,cp_7971986544
115,,info@gmtmodellismo.it,,,333 2685578,cp_2393792051
116,,denycarloni@gmail.com,http://www.imusicicantori.it,"https://www.facebook.com/groups/musici.cantori.trento/ ",,cp_4129130192
117,,info@whyinsieme.org,,,3478224608,cp_4973704206
118,0461 314223,segreteria@studitrentini.it,,,0461 314208,cp_6169037455
119,0461394756,coro@piccolecolonne.it,,,0461935133,cp_5329338677
120,,barycentro@gruppospes.it,,,0461 262802,cp_4978646009
121,,info@creceremosjuntos.org,,,"0461915030 ",cp_5398482988
122,0461234781,info@federcoritrentino.it,,,0461983896,cp_7236299414
123,,"info@filodrammaticalalogeta.it ",,,345 4455606,cp_2582166540
124,"0461 816155 ",amicitta@tin.it,"www.amicitta.com ",,331 1738849,cp_3616524091
125,0461865481,info@oasi.tn.it,,,0461 865481,cp_9739604428
126,,"info@esperanto.trento.it ",,,,cp_9644535078
127,,vittsim@yahoo.it,,,3332673487,cp_9423793477
128,0461234482,lacerchia@virgilio.it,,,0461234482,cp_1452651973
129,,info@biodanzadharma.it,,,,cp_7455661876
130,,,"http://www.san-bao.it    ",,,cp_9098976283
131,,redazione.temporaonlus@gmail.com,"https://temporaonlus.jimdo.com/ ","https://www.facebook.com/tempora.onlus/  ",342 5144241,cp_1102581398
132,0461 397472,info@ilgiocodeglispecchi.org,,,0461 916251,cp_2487297831
133,,ci_cu_co@yahoo.it,,,3477363408,cp_9375372230
134,0461 930529,millevoci@provincia.tn.it,,,0461 499230,cp_6641915556
135,,circoloallergia@libero.it,,,3386767559,cp_2068159225
136,0461924095,Silvano.concis@gmail.com,,,0461924095,cp_6305437065
137,0461 811026,club@tuttapovo.it,,,0461 811026,cp_8795795385
138,0461910788,info@comitatoassociazionioltrefersina.it,,,3489320138,cp_3336020845
139,,coro.altreterre@gmail.com,,,3384051146,cp_3529048268
140,0461 427544,info@agsat.org,,,0461 420351,cp_9796680554
141,,,http://www.maliweil.org,,,cp_1213507184
142,,,http://www.montevaccino.it,,,cp_2715475614
143,,info@bottegabuffacircovacanti.it,,,3497227824,cp_4725959097
144,,"info@chiacchiere-in-musica.it ",,,320 826894,cp_6388907266
145,,,http://www.karatetrento.com,,,cp_5648249437
146,,childeducenter.rus.tn@gmail.com,,,348 8217364,cp_1677556845
147,,albertdedja@email.it,,,0461 238630,cp_2493317250
148,,teatromoda@hotmail.com,www.teatromoda.it,,3356740098,cp_8290747769
149,,"coropiccolemelodie@gmail.com ",,,338 1139407,cp_1320936676
150,,noiquartieritrentosud@gmail.com,,https://www.facebook.com/Noiquartieri/,3497908092,cp_1156636178
151,,"club@trento4x4.it ",www.trento4x4.it,,328 1508075,cp_8685413798
152,,yankadi.tn@gmail.com,http://kikeyambe.altervista.org/,https://www.facebook.com/yankadi.tn/,349 5881681,cp_9609963368
153,,,http://www.rugbytrento.it,,,cp_6429711847
154,,tonico52@yahoo.it,www.promartrento.net,https://www.facebook.com/groups/34617354754/,347 5308221,cp_3007370239
155,,presidente.trento@cngei.it,,,335 7859468,cp_6840366082
156,," cptrento@federugby.it","https://www.federugby.it/index.php?option=com_content&view=article&id=453&Itemid=774 ",," 334/6869708",cp_9689443531
157,,,https://www.fijlkam.it/trento/,,0461 208004,cp_7706415162
158,,terpsichoredanzatrento@gmail.com,,www.facebook.com/terpsichoredanzatrento,3332847929,cp_2808502309
159,,,http://www.sportivighiaccio.trento.it,,,cp_8235679469
160,,,www.skatingtrento.it,,,cp_2176392938
161,,info@sputniktrento.it,www.sputniktrento. it,Sputnik Trento,329 6507393,cp_9727185508
162,,,http://www.artsegym.it,,,cp_9660641627
163,,,http://360danceconnection.it,,,cp_6578304486
164,,,http://ashtangayogatrento.com/,,,cp_9948763419
165,0461391607,associazione@estuario.it,,,0461391799,cp_1190148069
166,,fondoprogettidisolidarieta@gmail.com,www.fondoprogettidisolidarieta.wordpress.com,,,cp_2906140774
167,,caldararenato@gmail.com,,,3397091509,cp_9672907998
168,,,http://www.centrostudiorientali.it,,,cp_5582867762
169,,info@musictogethertrento.it,"http://www.musictogethertrento.it ","www.facebook.com/musictogether.tnbz ","3806418132  ",cp_8027814672
170,0461 233210,info@tridentumbike.it,http://www.tridentumbike.it,https://www.facebook.com/Tridentum-Bike-330719240371543/,3356837359,cp_9780708200
171,,segreteria@estroteatro.it,https://www.estroteatro.com/,https://it-it.facebook.com/estroteatro,0461235331,cp_4715531696
172,,spaziogalasso13@gmail.com,"https://www.galasso13.it/ ","https://it-it.facebook.com/Galasso13/ ",,cp_9903996823
173,,inmente.tn@gmail.com,https://www.inmente.tn.it/,"https://it-it.facebook.com/inmentepsicologia ",0461 218855,cp_1804784871
174,,info@tremembe.it,http://www.tremembe.it,https://www.facebook.com/TremembeOnlus/,3384157742,cp_3243203729
175,,redazione@cdmrovereto.it,"https://www.cdmrovereto.it/ ","https://www.facebook.com/cdm.musicateatrodanza/ ",0464 422655,cp_8932900299
176,,sandra.mattedi@alice.it,,"https://it-it.facebook.com/ilsentierodeltibet/ ",349 2168587,cp_8897497425
177,,proloco.ca.comuna@gmail.com,"https://www.ortoinvilla.com/ ","https://www.facebook.com/Proloco.Ca.Comuna.Meanese/ ",320 3281114,cp_5893170553
178,,info@teatroportland.it,http://www.teatroportland.it,"https://it-it.facebook.com/portland.nuoviorizzontiteatrali/ ",0461 924470,cp_3006116153
179,,segreteria@acvminers.it,http://www.acvminers.it/,,348 4429124,cp_1939235918
180,,info@bandagardolo.it,http://www.bandagardolo.it,,340 0037333,cp_7357746385
181,,info@studioandromeda.net,https://www.studioandromeda.net/," https://www.facebook.com/StudiodArteAndromeda/","0461 262373 ",cp_1038279669
182,,atu.unitn@gmail.com,,,3707045538,cp_8186112845
183,,tsntrento@pec.tsntrento.com,http://www.tsntrento.com,,0461 990149,cp_1238195972
184,,laviadelfuoco@gmail.com,http://www.laviadelfuoco.it,http://www.facebook.com/laviadelfuoco,345 8833501,cp_1676799350
185,,info@lanudacompagnia.it,http://www.lanudacompagnia.it,https://www.facebook.com/lanudacompagnia/," 3209052894",cp_2371055747
186,,armonia.ala@libero.it,"https://www.armoniaericerca.it/  ","https://facebook.com/LILITH.FRANCESCA/    ",347 8172640,cp_1934152032
187,,,http://www.bondonepallamano.it/,,,cp_6154858383
188,,info@maestriscicristallo.it,"http://www.maestriscicristallo.it/it/ ","https://it-it.facebook.com/MaestrisciCristallo/ ",380 6328814,cp_3922467834
189,,nwcamminaretrentino@gmail.com,"https://www.nwcamminaretrentino.com/ ","https://www.facebook.com/nwcamminaretrentino/ ",340 0709310,cp_1621447007
190,,fidapatrento1965@gmail.com,"https://www.fidapadistrettonordest.org/ ",https://www.facebook.com/associazionefidapatrento/,331 7589364,cp_1207446972
191,,info@coderdolomiti.it,https://www.coderdolomiti.it,"https://www.facebook.com/CoderDojoTrento  "," 0461 1862768",cp_2687665598
192,,domitilla.luna@virgilio.it,,,,cp_5299319300
193,,segreteria@nuovodojotrento.it,http://www.nuovodojotrento.it/,https://www.facebook.com/nuovodojotrento/,0461 1483472,cp_9793164838
194,,associazione@armonicaamica.it,"http://www.armonicaamica.it/ ",,340 5026235,cp_5164247848
195,,linomiori@virgilio.it,"https://www.sat.tn.it/sezioni-e-soci/elenco-sezioni/cognola ",,3497809144,cp_6600115205
196,,speckandtech@gmail.com,"https://speckand.tech/ ",,,cp_6267612521
197,,mail@socialtango.it,http://www.socialtango.it/ |www.socialtango.it,https://www.facebook.com/socialtangotrento,349.3608566,cp_7496832542
198,,posta@erre-erre.net,"http://www.erre-erre.net/ ",,,cp_5491080515
199,,associazionelamovida@gmail.com,"http://www.lamovida.org/ ","https://www.facebook.com/lamovidatrento/ ",3476093260,cp_3379549980
200,,info@ccftrento.it,https://www.ccftrento.it/,"https://www.facebook.com/centroculturafotograficatrento/ ",0461/994954,cp_7061721024
201,,"avisdibasevillazzano@aviscomunaletrento.it ","https://www.avistrentino.org/ ","https://it-it.facebook.com/avistrentino/ ",3462137702,cp_9444105693
202,,info@acquacheballa.it,"http://www.acquacheballa.it/ ","https://it-it.facebook.com/lacqua.cheballa ",338 8868249,cp_3831242292
203,,trento@psicosintesi.it,"http://www.psicosintesi.it/ ","https://it-it.facebook.com/GruppoPsicosintesiTrento ",333 4583234,cp_7774363640
204,,info@arcobalenobasket.com,http://www.arcobalenobasket.com,,,cp_3061854570
205,,info@ccfortieveloci.tn.it,http://www.ccfortieveloci.tn.it,,,cp_3094115985
206,,segreteria@apdren.it,http://www.apdren.it,http://www.facebook.com/apdrentrento,3298355365,cp_2184749118
207,,info@buonconsiglionuoto.it,http://www.buonconsiglionuoto.it,,,cp_3777786910
208,,segreteria@aquilabasket.it,http://www.aquilabasket.it,,,cp_9073907606
209,,"segreteria@scuderiatrentina.it    ",http://www.scuderiatrentina.it,,,cp_3000628852
210,,info@tedxtrento.com,http://tedxtrento.com/,"https://facebook.com/TedxTrento/    ",328 1507278,cp_8408733206
211,,circolopensionatimattarello@gmail.com,,,0461 945880,cp_7395237661
212,,info@multiversoteatro.org,https://www.multiversoteatro.org/,https://it-it.facebook.com/multiversoteatro,328 8497693,cp_9970538527
213,,info@gtvonline.org,http://www.gtvonline.org,https://it-it.facebook.com/gruppotrentinovolontariato/,0461917395,cp_6006598882
214,0461392447,anctrento@gmail.com,,,0461392447,cp_8677601965
215,,,,"https://www.facebook.com/HouseofBoxing ",3921321977,cp_2107254995
216,0461238445,lucillamay@gmail.com,www.barbarabertoldi.it/associazione-lucilla-may/,www.facebook.com/ass.lucillamay/," 3312913591",cp_1355861498
217,,info@corofilarmonicotrentino.it,http://www.corofilarmonicotrentino.it/,https://www.facebook.com/corofilarmonicotrentino/," 347 5308211",cp_8277422017
218,0461395763,info@fpt.tn.it,http://www.fpt.tn.it/,,0461930093,cp_7257672463
219,,ass.cucitoericamo@gmail.com,,https://www.facebook.com/bona.piras,3397104901,cp_7264309351
220,,cam@trentinomozambico.org,"https://www.trentinomozambico.org/ ","https://www.facebook.com/camtrentinomozambico/ ",0461232401,cp_4906860944
221,,bancatempoetico@gmail.com,http://www.banchetempo.tn.it/,,3397935708,cp_6486414699
222,,relazioni.alanon.tnaa@gmail.com,http://www.al-anon.it,,800 087 897 (per avere contatti locali),cp_4512288486
223,,circoloanzianisandona@gmail.com,,,0461986707,cp_3818855152
224,,artedo.trento@alternart.it,http://www.alternart.it,https://www.facebook.com/artedotrento/,348 5303690,cp_5343415890
225,,info@ki-bo.it,"https://www.ki-bo.it/ ",,,cp_3591989774
226,,il_gruppo_roncafort@yahoo.it,"http://www.ilgrupporoncafort.org/ ","https://www.facebook.com/groups/396494783852905 ",339 7242285,cp_3920659994
227,,info@coroalpinotrentino.it,"https://www.coroalpinotrentino.it/ ","https://it-it.facebook.com/coroalpinotrentino ",339 4376230,cp_3508088193
228,,,http://www.rarinantes.it,,,cp_3463253848
229,,asdbudonomichi@gmail.com,,https://www.facebook.com/kickboxing.yoseikanbudo,3515221532,cp_6845525526
230,04611975204,ildiapason@ildiapason.com,https://ildiapason.com/contatti/,,04611975204,cp_9533854404
231,,gadtrento@tiscali.it,http://www.gadtrento.it/,"https://www.facebook.com/gadcittaditrento/ ",3205398991,cp_9513236619
232,"3284760124 ","acdait@yahoo.it  ",https://acdait-teuta.it/,"https://it-it.facebook.com/acdait.teuta ","3284760124 ",cp_3881631052
233,,agedotrentino@gmail.com,,"https://www.facebook.com/agedotrentino ",,cp_1370469037
234,"0461826758 ",info@federcircoli.it,https://www.federcircoli.it/,https://www.facebook.com/federazione.trento,"0461826758 ",cp_5258247769
235,,avis.trento@avis.it,https://www.avistrentino.org/,https://m.facebook.com/avistrentino/?locale2=it_IT,0461916173,cp_4347927815
236,0461/237458,anteas@cisltn.it,,,0461/215186,cp_8102543418
237,,info@famiglietrentine.org,http://www.famiglietrentine.org,https://it-it.facebook.com/groups/192761486486/,0461/237234,cp_4088465285
238,,copagmattarello@gmail.com,www.santianzoi.it,https://www.facebook.com/SantiAnzoi,,cp_8250403446
239,,trento@aia-figc.it,https://www.aiatrento.it/,,0461911261,cp_1456173997
240,,gruppoalpini.cognola@gmail.com,,,3407538441,cp_8628783730
241,,info@arcigaytrento.it,https://www.arcigaydeltrentino.it/|www.arcigaydeltrentino.it,https://www.facebook.com/arcigaytrentino|www.facebook.com/arcigaytrentino,345 9834179,cp_9118202460
242,,ass.trefontane@gmail.com,http://www.trefontane.tn.it/,https://www.facebook.com/Associazione-Tre-Fontane-Giocastudiamo-883329278450280/,340 4128807,cp_5629025015
243,,acropolitrento@gmail.com,https://www.acropolitrento.com,"['https://www.instagram.com/acropolitrento/', 'https://www.facebook.com/Acropolitrento']",+393407716783,cp_7937678849
244,,,https://www.aiesec.it,,+393495126105,cp_8893307508
245,,trento@esn.it,https://trento.esn.it,['https://www.facebook.com/groups/2054507961289050/?fref=nf'],+390461882248,cp_4698781345
246,,info@jetn.it,https://www.jetn.it,"['https://www.facebook.com/jetn7/', 'https://www.instagram.com/jetn_trento/', 'https://www.linkedin.com/company/jetn/']",,cp_8496098814
247,,redattore@luniversitario.it,https://www.luniversitario.it,"['https://www.instagram.com/luniversitario/', 'https://www.facebook.com/luniversitario', 'https://www.youtube.com/channel/UC-IGIS0eferm8nP3_ghlAlw']",,cp_9588942962
248,,udu.trento@gmail.com,https://www.udutrento.it,"['https://www.facebook.com/udutrento/', 'https://www.instagram.com/udutrento/']",+393406228305,cp_8076920069
249,,unitinews@gmail.com,https://www.unitintrento.it,"['https://www.facebook.com/unitintrento/', 'https://www.instagram.com/unitintrento/?hl=it']",,cp_3515041189
250,80003990225,sat.trento@gmail.com,http://www.sattrento.it,"['https://www.facebook.com/satcentrale/?ref=bookmarks', 'https://www.instagram.com/sat_centrale/', 'https://www.youtube.com/channel/UCyOXYnF9dBk_7MrvzjYnR-w']",0461 987025,cp_4434518672
0,,,,[],,cp_7449478496
1,,,,[],,cp_4317069097
2,,,,[],,cp_1533778709
3,,,,[],,cp_9250708891
4,,,,[],,cp_9782506275
5,,,,[],,cp_2312420089
6,,,,[],,cp_7375112536
7,,,,[],,cp_6608360736
8,,,,[],,cp_4809294369
9,,,,[],,cp_7507806003
10,,,,[],,cp_2432110735
11,,,,[],,cp_9137659970
12,,,,[],,cp_3245391866
13,,,,[],,cp_9370792544
14,,,,[],,cp_5550299132
15,,,,[],,cp_7761756948
16,,,,[],,cp_2627135016
17,,,,[],,cp_3752667134
18,,,,[],,cp_2746775542
19,,,,[],,cp_2530769673
20,,,,[],,cp_1649210240
21,,,,[],,cp_9388590838
22,,,,[],,cp_6011427191
23,,,,[],,cp_9071410783
24,,,,[],,cp_7349895879
25,,,,[],,cp_7009318086
26,,,,[],,cp_9811732007
27,,,,[],,cp_3505849410
28,,,,[],,cp_1462412816
29,,,,[],,cp_1669982670
30,,,,[],,cp_2306575547
31,,,,[],,cp_8576854649
32,,,,[],,cp_3692609267
33,,,,[],,cp_6125874122
34,,,,[],,cp_2373740612
35,,,,[],,cp_6008054187
36,,,,[],,cp_7978493269
37,,,,[],+39 0464 413444,cp_1241779468
38,,,,[],,cp_7183842659
39,,,,[],,cp_7930162405
40,,,,[],,cp_6669234156
41,,,,[],,cp_5775573099
42,,labrace@labrace.net,http://www.labrace.net,[],+39 0464 480396;+39 340 2314332,cp_5268930703
43,,,,[],+39 0464 431339,cp_1711994664
44,,,,[],,cp_2988226630
45,,,,[],,cp_8024492722
46,,,,[],,cp_1159291610
47,,,,[],,cp_2087804724
48,,,,[],,cp_1599711673
49,,,,[],,cp_1077614169
50,,,,[],,cp_4741250559
51,,ristorantesantilario@libero.it,,[],+39 0464 490294,cp_6999206497
52,,,,[],,cp_9001144921
53,,,,[],,cp_2935994736
54,,,,[],,cp_8292584408
55,,,,[],,cp_4236732378
56,,,,[],,cp_2441010018
57,,neumasushimori@gmail.com,http://al-silenzio.it/,['https://www.facebook.com/NeumaSushiMori/'],+39 0464 436229,cp_2967528606
58,,,,[],,cp_8786153991
59,,,,[],,cp_2066273842
60,,,,[],,cp_4460074283
61,,,,[],,cp_7649137861
62,,,,[],,cp_6358085729
63,,,,[],,cp_9636199091
64,,,,['https://www.facebook.com/Bar-Circolo-SantaMaria-Rovereto-724134054314213/'],+39 388 812 5948,cp_6368149329
65,,info@mart.tn.it,https://www.mart.tn.it/visita/visita-la-casa-d-arte-futurista-depero-123036,[],+39 0465 670820,cp_7546715154
66,,,,[],,cp_4623262285
67,,,,[],,cp_5995431037
68,,,,[],,cp_1784236498
69,,,,[],,cp_2171232718
70,,,,[],,cp_7413538372
71,,paolo@osteriadelpettirosso.it,https://www.osteriadelpettirosso.it/,[],+39 0464 422463,cp_3834948872
72,,,,[],,cp_1721925294
73,,,,[],,cp_8240256523
74,,,,[],,cp_3584730045
75,,,,[],,cp_3223479001
76,,,,[],+39 0464 486757,cp_9888368338
77,,,,[],,cp_7330082159
78,,,,[],,cp_7948820915
79,,,,[],,cp_5727561801
80,,,,[],+39 335 5342495,cp_9711351181
81,,,,[],,cp_9881857687
82,,,,[],,cp_6909373407
83,,,,[],,cp_8614265908
84,,,,[],,cp_7043580086
85,,,,[],,cp_2917317873
86,,,,[],,cp_2412267969
87,,,,[],,cp_9793790721
88,,,,[],,cp_2926754611
89,,,,[],+39 0464 435454,cp_5124146218
90,,centroanchio@murialdo.taa.it,,[],+39 0464 412886,cp_9281843499
91,,ortodipitagora@gmail.com,https://www.facebook.com/ortodipitagora,[],+39 334 9534672,cp_5487930795
92,,,,[],,cp_5621460321
93,,,,[],+39 0464 443277,cp_6153810445
94,,,,[],,cp_4833103057
95,,info@ristorantesushoku.it,,['https://www.facebook.com/Ristorante-Sushoku-221257514553450/'],+39 0464 433155,cp_4096548390
96,,,,[],,cp_2922801990
97,,,,[],,cp_3475828041
98,,,,[],,cp_6160260047
99,,,,[],,cp_4094600891
100,,,,[],,cp_3578611749
101,,,,[],,cp_3948766405
102,,,,[],+39 0464 424153,cp_1298053395
103,,,,[],+39 0464 422053,cp_7803656941
104,,mokajitocafe.rov@hotmail.it,,['https://www.facebook.com/eligenmoka?fref=ts'],+39 0464 430511,cp_7224763089
105,,,,[],,cp_8928179442
106,,,,[],,cp_2122121223
107,,,,[],,cp_9512863927
108,,,,[],,cp_4985977204
109,,,,[],,cp_3788011269
110,,,,[],+39 0464 436612,cp_9494233506
111,,,,[],,cp_5688207013
112,,,,[],+39 0464 434344,cp_6417234358
113,,,,[],,cp_1982923051
114,,info@area39.it,http://www.area39.it,[],+39 0464 490 627,cp_3262649305
115,,,,[],,cp_1140443314
116,,,,[],,cp_4267796659
117,,,,[],,cp_8306765355
118,,,,[],,cp_1265601119
119,,,,[],,cp_4027455040
120,,,,[],,cp_3263338623
121,,,,[],,cp_6062333543
122,,,,[],,cp_1524647753
123,,,,[],,cp_9374993109
124,,,,[],,cp_5467175594
125,,,,[],,cp_1299371510
126,,,,[],,cp_3570883509
127,,,,[],,cp_8328792841
128,,,,[],,cp_2933327723
129,,,,[],,cp_2988554554
130,,pizzeriadogali@gmail.com,https://www.dogaliburgers.com/,[],+39 389 659 6808,cp_5738635818
131,,,,[],,cp_1539001578
132,,,,[],,cp_5858526754
133,,,,[],,cp_1689030378
134,,ildogerovereto@gmail.com,,[],+390464480854,cp_6935797522
135,,,,[],,cp_4490939603
136,,,,[],,cp_4942947780
137,,,,[],,cp_5671462425
138,,,,[],,cp_1551960931
139,,,,[],,cp_8453760031
140,,,,[],,cp_7730777922
141,,,,[],,cp_4021506556
142,,,,[],,cp_6068561608
143,,,,[],,cp_7691896388
144,,,,[],,cp_9858409276
145,,,,[],,cp_7180970998
146,,,http://www.risto3.it/ristoranti-self/rovereto/gilda,[],,cp_8988486979
147,,,,[],,cp_9635581247
148,,,,[],,cp_1365758883
149,,,,[],,cp_3523141805
150,,,,[],,cp_4691746744
151,,,,[],,cp_3286720719
152,,,https://www.suyoshi.it/,[],+39 0464 435941,cp_4195718732
153,,,,[],,cp_2408179450
154,,info@madtortugacrossfit.com,https://www.madtortugacrossfit.com,[],+39 377 479 9703,cp_3811253615
155,,,,[],,cp_3614702154
156,,,,[],,cp_9882283418
157,,,,[],,cp_2660428473
158,,,,[],,cp_4834980134
159,,,,[],,cp_6231700466
160,,,,[],,cp_1576185002
161,,,,[],,cp_8339314418
162,,,,[],,cp_1658046614
163,,,,[],,cp_1010937286
164,,,,[],,cp_5355112124
165,,,,[],,cp_6229599840
166,,,,['https://www.facebook.com/bellarovereto/'],+39 324 6836182,cp_9861683506
167,,,,[],,cp_8093332325
168,,,,[],,cp_5912182760
169,,,,[],,cp_9395723218
170,,,,[],,cp_8939450225
171,,,,[],,cp_7077823165
172,,,,[],,cp_2126219537
173,,,,[],,cp_7257673421
174,,,,[],,cp_5320769440
175,,,,[],,cp_3635905928
176,,,,[],,cp_1133988334
177,,,,[],,cp_1269338194
178,,,,[],,cp_7837111167
179,,,,[],,cp_5606201623
180,,,,[],+39 0464 435682,cp_8776337918
181,,,,[],,cp_3381798191
182,,,,[],,cp_7702208452
183,,,,[],,cp_7226978957
184,,,,[],+39 0464 715398,cp_9791264644
185,,,,[],,cp_2098258467
186,,,,[],,cp_7152765394
187,,,,[],,cp_8561870726
188,,,,[],,cp_4314302103
189,,,,[],,cp_7123186112
190,,,,[],,cp_5436532841
191,,,https://www.biblioteca.unitn.it/bur-biblioteca-universitaria-rovereto,[],+39 0464 808443,cp_3070593475
192,,,,[],,cp_3740522471
193,,,https://www.agriturismotrentinomb.com,[],,cp_4480843130
194,,,,[],+39 0464 011298,cp_8625078622
195,,,,[],+39-0464-357905,cp_9513694447
196,,filzi@pec.provincia.tn.it,,[],+39 0464 433033,cp_5048199726
197,,,,[],,cp_6751951930
198,,ic.roveretonord@pec.provincia.tn.it,,[],0464/420759,cp_8271753654
199,,,http://www.fgfontana.eu/,[],,cp_3843964051
200,,info@millenniumcenter.info,https://www.millenniumcenter.info/,[],0464 420521,cp_3383902958
201,,,,[],,cp_9624199363
202,,rosmini.rovereto@pec.provincia.tn.it,https://liceorosmini.eu/,[],0464/437700,cp_4698360567
203,,collegioarcivescovile@pec.it,https://www.arcivescoviletrento.it/,[],+39 0464 406000,cp_4097636383
204,,,,[],,cp_1259121746
205,,,,[],+39 0461 960826,cp_5221076797
206,,,,[],,cp_9595011550
207,,,,[],,cp_4960432655
208,,,,[],,cp_3795596766
209,,,,[],,cp_9862819434
210,,,https://www.museodiocesanotridentino.it/,[],+39 0461234419,cp_6605044762
211,,,,[],+39 0461 092622,cp_3111911522
212,,barpasi.tn@gmail.com,,[],+39 0461 982301,cp_7062548527
213,,info@oldbar.it,http://www.oldbar.it,[],+39 0461 263263,cp_1269361367
214,,,,[],,cp_8524291864
215,,,,[],,cp_3512288536
216,,,,[],,cp_8057894574
217,,,,[],,cp_3854189378
218,,,,[],,cp_5644781696
219,,info@3portoni.it,http://3portoni.it/,['https://www.facebook.com/ristoranteborgonuovotrento/'],+39 0461 261375,cp_5685757666
220,,uvaementa@yahoo.it,http://www.uvaementa.it,[],+39 0461 231801,cp_5311476363
221,,,,[],+39 0461 262938,cp_7638966447
222,,,,[],,cp_7441638775
223,,,,[],,cp_1376016315
224,,,,[],,cp_5573590351
225,,,,[],,cp_5334992361
226,,,,[],,cp_1639261426
227,,,,[],,cp_7870625702
228,,,,[],,cp_2768808939
229,,contecosi@yahoo.it,http://www.alvesuvio.it/,[],+39 0461 987303,cp_4169033102
230,,info@birreriapedavena.com,http://www.birreriapedavena.com,[],+39 0461 986255,cp_8028887018
231,,trattoria_al_volt@yahoo.it,http://tienne.it/alvolt/,[],+39 0461 983776,cp_7489892244
232,,,,[],+39 0461 239840,cp_9468473019
233,,,,[],,cp_9600926157
234,,,,[],,cp_1278482234
235,,,,[],,cp_5060802000
236,,,,[],,cp_9599799416
237,,,,[],,cp_1432295963
238,,,,[],,cp_8839649220
239,,,,[],,cp_7337208938
240,,,,[],,cp_7273841082
241,,,,[],,cp_5601196783
242,,,,[],,cp_6734419128
243,,,,[],,cp_7915176875
244,,,,[],,cp_9613603411
245,,,,[],,cp_2882249676
246,,,,[],,cp_9601047767
247,,,,[],,cp_8585851466
248,,,,[],,cp_4274937035
249,,,http://www.orostube.it/,[],,cp_1812636399
250,,info@pizzeriasalesa.it,http://www.pizzeriasalesa.it,[],+39 0461 810484,cp_8257615668
251,,,,[],,cp_2666865751
252,,,,[],,cp_9350528691
253,,,,[],+39 0461 889797,cp_2471273004
254,,,,[],+39 0461 987031,cp_2791212224
255,,,,[],,cp_8562746989
256,,,,[],,cp_1923803214
257,,,,[],,cp_8504948826
258,,,,[],,cp_4161338423
259,,,,[],,cp_6583053098
260,,,,[],,cp_4688245998
261,,,,[],,cp_2469717444
262,,,,[],,cp_7330573011
263,,,,[],,cp_5705702023
264,,,,[],,cp_1454125031
265,,ai.canopi@yahoo.it,https://www.ristorantiindianitrento.com/,[],+39 0461 1715283,cp_2129255991
266,,,,[],,cp_2365503437
267,,,,[],,cp_3128388382
268,,,,[],,cp_4674137556
269,,info@hotelamerica.it,http://www.hotelamerica.it/,[],+39 0461 983010,cp_5258375010
270,,,,[],,cp_1429661727
271,,,,[],+39 0461 820701,cp_1969485219
272,,,,[],,cp_2539057458
273,,,,[],,cp_8665703040
274,,,,[],,cp_6894694431
275,,,,[],,cp_4109692966
276,,,,[],,cp_3331508320
277,,,http://www.viaggioin.com/agriturismo-agritur-depedri-luciano-trento-289355,[],+39 0461 235438,cp_6367809460
278,,,,[],,cp_4233345176
279,,,,[],,cp_9450421522
280,,,,[],,cp_1138279050
281,,,,[],,cp_7350453671
282,,,,[],,cp_9939316871
283,,,https://www.bibcom.trento.it/orari_sedi/sedi_periferiche/clarina,[],+39 0461 889879,cp_9372510011
284,,,,[],,cp_7478572480
285,,,,[],,cp_8078708088
286,,info@pizzorante.eu,http://www.pizzorante.eu,[],+39 0461 1920139,cp_1707478847
287,,,,[],,cp_8693390829
288,,,,[],+39 0461 910076,cp_1183473898
289,,,,[],+39 0461 946271,cp_3721822924
290,,,,[],+39 0461 982445,cp_4503936686
291,,,,[],,cp_2947483627
292,,,,[],,cp_4056323872
293,,,,[],,cp_1693737670
294,,,,[],+39 0461 090538,cp_9037451775
295,,caffeexcelsior@gmail.com,,"['https://www.tripadvisor.com/Restaurant_Review-g187861-d3733919', 'https://www.facebook.com/caffeexcelsior.tn']",+39 0461 261304,cp_9083488931
296,,,,[],+39 0461 390060,cp_7140405919
297,,,,[],,cp_6381290928
298,,,,[],,cp_9953413389
299,,sapori.mediterranei@hotmail.it,,[],+39 0461 984360,cp_7506964649
300,,,,['https://www.facebook.com/PizzeriaDaAlbert/'],+39 0461 231712,cp_7255871155
301,,info@tetleyspub.it,www.tetleyspub.it,[],+39 0461 233477,cp_7486808183
302,,info@orsogrigiotrento.com,http://www.orsogrigiotrento.com/,[],+39 0461 984400,cp_3262513283
303,,info@doctrento.it,http://www.doctrento.it,[],+39 0461 262022,cp_2573395385
304,,,,[],,cp_2524549806
305,,,,['https://www.facebook.com/TONYK-CLUB-1531092600473314'],+39 388 8230858,cp_7022735253
306,,,,[],,cp_5116456703
307,,,,[],,cp_5045950010
308,,,,[],,cp_4030619688
309,,,,[],,cp_9712866382
310,,,,[],,cp_2754604606
311,,ziababi@hotmail.it,,[],+39 0461 932089,cp_3833645226
312,,,,[],,cp_7428503887
313,,,,[],,cp_5346845401
314,,,http://www.museostorico.it,[],,cp_3022139397
315,,,,[],,cp_6437613156
316,,,,[],,cp_3981392598
317,,,,[],,cp_7624776699
318,,info@aivicoli.it,http://www.aivicoli.it/,[],+39 0461 260673,cp_8674724304
319,,,,[],,cp_3471623197
320,,,,[],,cp_5086508352
321,,,,[],,cp_2342278188
322,,,,[],,cp_8518443348
323,,,,[],,cp_7521281458
324,,,,[],,cp_1340289458
325,,,,[],,cp_3683616399
326,,,,[],,cp_5603453859
327,,,,[],,cp_6998873423
328,,,,[],,cp_8490739165
329,,,,[],,cp_8080099121
330,,,,[],,cp_8408812564
331,,,,[],,cp_4846125876
332,,,,[],,cp_9006755358
333,,,,[],,cp_1936290738
334,,,,[],,cp_7981125444
335,,,,[],,cp_3355246195
336,,,,[],,cp_8700751798
337,,akasha.snc@gmail.com,,['https://www.facebook.com/hakkatrento/'],+39 349 7152966,cp_2133126144
338,,,,[],,cp_3771583998
339,,,,[],,cp_3838668533
340,,info@ristorantegreentower.it,http://www.ristorantegreentower.it,[],+39 0461 231545,cp_2864618456
341,,,,[],,cp_8088567829
342,,,,[],,cp_4922542156
343,,,,[],,cp_1220783016
344,,,,[],,cp_8448295507
345,,chiste-2011@live.it,,[],+39 0461 262979,cp_9193205025
346,,,,[],,cp_9952826862
347,,,,[],+39 0461 262826,cp_9828406403
348,,,,[],+39 0461 261792,cp_5026571462
349,,,,[],,cp_9461003258
350,,,http://www.ristoranteorient.it,[],+39 0461 234435,cp_6301518241
351,,,,[],+39 0461 237209,cp_4654648613
352,,,,[],,cp_2881594709
353,,,,[],,cp_1226401437
354,,,,[],+39 0461 231868,cp_4664937340
355,,,,[],,cp_8393112148
356,,,,[],,cp_7378949908
357,,,,[],,cp_4965957279
358,,,,[],,cp_9111996921
359,,,,[],+39 0461 986282,cp_5680668479
360,,,,[],,cp_5152311867
361,,moki.trento@gmail.com,,[],+39 0461 1822401,cp_7126032253
362,,,,[],+39 0461 987197,cp_7246033950
363,,info@ristoranteallamostra.com,http://www.ristoranteallamostra.com,[],+39 0461 230787,cp_2326254741
364,,,,[],,cp_8040625357
365,,,,[],+39 0461 234352,cp_6791112500
366,,reservation.cadeicobj@gmail.com,,[],+39 0461 262730,cp_3211122279
367,,,,[],,cp_3610213216
368,,info@pizzerialaste.it,http://www.pizzerialaste.it/,[],+39 0461 231570,cp_1883570641
369,,,,[],,cp_9558014631
370,,,,[],,cp_1610649276
371,,,,[],,cp_8075386945
372,,,,[],,cp_6680750754
373,,,,[],,cp_5407581451
374,,,,[],,cp_7122782773
375,,,,[],,cp_8205323605
376,,,,[],,cp_6172989856
377,,,,[],,cp_2286889187
378,,,,[],,cp_7602849658
379,,,,[],,cp_6755269259
380,,,,[],,cp_7374700297
381,,,,[],,cp_8734808736
382,,,,[],,cp_4546107141
383,,,,[],,cp_2680264668
384,,,,[],,cp_9808523090
385,,,,[],,cp_9045214916
386,,,,[],,cp_8961979986
387,,,,[],,cp_8715117782
388,,,,[],,cp_8820048464
389,,,,[],,cp_8519895603
390,,,,[],,cp_3038624135
391,,,,[],,cp_9929831739
392,,,,[],,cp_4814599778
393,,,,[],,cp_5522417187
394,,,,[],,cp_4482209645
395,,,,[],,cp_5940001914
396,,,,[],,cp_1484377954
397,,,,[],,cp_4795870411
398,,,,[],,cp_9403891867
399,,,,[],,cp_7331501526
400,,,,[],,cp_2150672270
401,,,,[],,cp_5069788104
402,,,,[],,cp_1451782839
403,,,,[],,cp_5708435955
404,,,,[],,cp_1472277664
405,,,,[],,cp_1447106610
406,,,,[],,cp_3734505691
407,,osteriasanrocco@alice.it,,[],+39 0461 983917,cp_5154368887
408,,,,[],,cp_1865154216
409,,,,[],,cp_3168909478
410,,,,[],,cp_4557477951
411,,,,[],,cp_6340955457
412,,,,[],,cp_1204309724
413,,,http://www.ristorantealvo.it,[],+39 0461 985374,cp_5901053586
414,,unioncasadelcaffe@gmail.com,https://www.casadelcaffetn.it,[],+39 0461 985104,cp_1353040272
415,,info@leduespade.com,http://www.leduespade.com,[],+39 0461 234343,cp_6736149326
416,,,,[],,cp_4029260195
417,,,,[],,cp_2123388739
418,,,,[],,cp_5820797118
419,,,,[],,cp_3144060706
420,,,,[],+393927828403,cp_6257948654
421,,,,[],,cp_2212525081
422,,,,[],,cp_7504788381
423,,,,[],,cp_7003641596
424,,,,[],,cp_6152565514
425,,,http://www.benesserejuta.it/,[],+39 0461 230797,cp_7227813520
426,,,,[],,cp_1761521889
427,,,,[],,cp_3876496030
428,,,http://www.garnisangiorgio.it,[],+39 0461 238848,cp_2041580326
429,,,,[],,cp_8759251482
430,,,,[],,cp_6543677857
431,,,http://www.scrignodelduomo.com/,[],+39 0461 220030,cp_5215039113
432,,,,['https://www.facebook.com/urbancoffeelab/'],+39 0461 232522,cp_2817174766
433,,,,[],,cp_4006738151
434,,,,[],,cp_9470826565
435,,,,[],+39 0461 916789,cp_7387157029
436,,,,[],,cp_3413986073
437,,,,[],+39 0461 913600,cp_2245055374
438,,,,[],+39 0461 524634,cp_4811753678
439,,,,[],,cp_9345513198
440,,,,[],,cp_5544665532
441,,info@bedalduomoditrento.it,http://www.bedalduomoditrento.it/,[],+39 339 2802608,cp_3576924672
442,,,,[],,cp_9893525246
443,,,,[],,cp_2524432706
444,,ilsimposiotrento@gmail.com,http://www.ilsimposio.net,[],+39 0461 261848,cp_7081372134
445,,info@bouganvilletrento.it,http://www.bouganvilletrento.it/,[],+39 0461 236666,cp_9110600076
446,,,,[],,cp_6429498379
447,,,,[],,cp_5090297198
448,,,,[],,cp_2149310802
449,,info@osteriailcappello.it,http://www.osteriailcappello.it/,[],+39 0461 235850,cp_5619765550
450,,info@antico-pozzo.it,http://www.antico-pozzo.it/,[],+39 0461 262943,cp_8128217519
451,,,,[],,cp_7731935436
452,,,,[],,cp_6513636516
453,,,,[],,cp_8334966099
454,,,,[],,cp_9037434234
455,,,,[],+39 0461 822287,cp_3949032119
456,,,,[],+39 0461 823186,cp_9328800776
457,,,http://ristorantehappyhour.blogspot.it/,[],+39 0461 392394,cp_9624827421
458,,,,[],,cp_2562251471
459,,,,[],,cp_8598209416
460,,uvaementa@yahoo.it,http://www.uvaementa.it,[],+39 0461 1903162,cp_6750277920
461,,,,[],,cp_3698103797
462,,,,[],,cp_7285538169
463,,ristorantetartufotrento@gmail.com,,[],+39 0461 822233,cp_9795715142
464,,,,[],,cp_3152859295
465,,,,[],,cp_8137095074
466,,,,[],,cp_3463790444
467,,,,[],,cp_5966429790
468,,,,[],,cp_1119062702
469,,,,[],,cp_1754686998
470,,,,[],,cp_5187062213
471,,,,[],,cp_8349798000
472,,,,[],,cp_3298928704
473,,,,[],,cp_8663047718
474,,,,[],,cp_7097241140
475,,,,[],,cp_4320390944
476,,,,[],,cp_5744781007
477,,,,[],,cp_8559306401
478,,paolo.cereghini@gmail.com,http://www.angolodei33.com/,['https://www.facebook.com/angolodei33/'],+39 392 0454593,cp_3173114805
479,,,,[],,cp_6642100149
480,,,,[],,cp_4920788990
481,,,,[],,cp_2825285750
482,,,,[],,cp_4273575969
483,,,,[],,cp_2218886997
484,,,,[],,cp_1944426525
485,,,,[],,cp_1929667647
486,,,,[],,cp_7409642612
487,,,,[],,cp_3564067197
488,,,,[],,cp_1148349674
489,,,,[],,cp_8230146328
490,,,,[],,cp_8975452062
491,,,,[],,cp_6059749222
492,,,,[],,cp_8894435424
493,,,,[],,cp_4018726662
494,,,,[],,cp_6988327664
495,,,,[],,cp_8472126042
496,,,,[],,cp_7881736832
497,,,http://ristorantecaciopepe.it,[],+39 0461 262764,cp_5272727399
498,,,,[],,cp_6247019208
499,,,,[],,cp_4327482889
500,,adige.tn@bestwestern.it,https://www.adigehotel.it/,[],+39 0461 944545,cp_3558529499
501,,torrefranca@singhrestaurant.it,http://www.singhrestaurant.it/torre-franca.php,[],+39 0461 945149,cp_2551869015
502,,,,[],,cp_4480181378
503,,,,[],,cp_7442609385
504,,,,[],,cp_9185071738
505,,,,[],+39 0461 090741,cp_2749877111
506,,,,[],,cp_1788897244
507,,,,[],,cp_7803441984
508,,domopop.trento@gmail.com,,['https://www.facebook.com/Domo-Trento-100670871803717/'],+39 0461 1416669,cp_2883508772
509,,,,[],,cp_8736904462
510,,,,[],,cp_5362517397
511,,tommycuel@hotmail.it,,['https://www.facebook.com/minibistrodordi/'],+39 0461 239900,cp_4901467045
512,,panificolarcher@hotmail.it,,['https://www.facebook.com/elisa.dalcorso.94'],+39 0461 1410166,cp_1409708212
513,,,,[],,cp_3343953500
514,,,,[],,cp_7626714786
515,,,,[],,cp_8591067204
516,,,,[],,cp_6892889741
517,,,,[],,cp_3014193317
518,,,,[],,cp_5867939494
519,,,,[],,cp_7095653553
520,,,,[],,cp_8989711459
521,,,,[],,cp_6161191756
522,,,,[],,cp_3761065420
523,,,,[],,cp_5832123578
524,,,,[],,cp_6674828777
525,,,,[],,cp_9957890366
526,,,,[],,cp_6488908729
527,,,,[],,cp_2434892157
528,,,,[],+39 0461 260114,cp_2158157147
529,,,,[],,cp_7382175694
530,,,,[],,cp_7627732084
531,,,,[],,cp_5316843761
532,,,,[],,cp_6766433049
533,,,,['https://www.facebook.com/Terramia-Ristorante-1460977600881448/'],+39 0461 262666,cp_6536842954
534,,,,[],,cp_4700524842
535,,,http://www.centrosportivolife.com/,[],+39 0461 231266,cp_6825007320
536,,,,[],,cp_3169603754
537,,,,[],,cp_2729787787
538,,,,[],,cp_4669785330
539,,,,[],,cp_6996051102
540,,,,[],,cp_2328489708
541,,,http://www.welcomeindia.it/,[],+39 0461 984255,cp_6041287091
542,,fb.trento@forst.it,forst-trento.it,[],+39 0461235590,cp_1533700958
543,,,,[],+39 0461 230096,cp_4954304460
544,,,,[],,cp_1269531304
545,,,,[],,cp_1057759228
546,,,,[],,cp_5027473753
547,,,,[],,cp_9546829573
548,,,,[],,cp_5217651223
549,,,,[],,cp_7807503556
550,,,,[],,cp_1393855629
551,,,,[],,cp_2368163357
552,,,http://www.hotelvela.com/,[],,cp_7443399740
553,,,,[],,cp_6775932627
554,,,,[],,cp_3164107087
555,,info@tastiko.it,http://www.tastiko.it/,"['https://www.facebook.com/officialtastiko', 'https://www.instagram.com/officialtastiko/']",+39 375 502 4245,cp_3715276208
556,,,,[],,cp_2703319644
557,,,,[],,cp_4971160672
558,,,http://www2.comune.trento.it/comune/argomenti/gemellaggi/berlin_attivta01.htm,[],,cp_7575002078
559,,,,[],,cp_6117133957
560,,,,[],,cp_2726938777
561,,,,[],,cp_5589190060
562,,,,[],,cp_2516757647
563,,,,[],,cp_5148117033
564,,,,[],,cp_3765981936
565,,,,[],,cp_2889376308
566,,,,[],,cp_9299631534
567,,,,[],,cp_6872324150
568,,,,[],,cp_4664130848
569,,,,[],,cp_4803301992
570,,,,[],,cp_7347143794
571,,,,[],,cp_6192093879
572,,,,[],,cp_5522573317
573,,,,[],,cp_1707347192
574,,,,[],,cp_2742604403
575,,,,[],,cp_7099337998
576,,,,[],,cp_8853740021
577,,,,[],,cp_1324799958
578,,,,[],,cp_2348857691
579,,,,[],,cp_1144562929
580,,,,[],,cp_7365607334
581,,,,[],,cp_3921343687
582,,,,[],,cp_7322412255
583,,,,[],,cp_9119449042
584,,,,[],,cp_4485226806
585,,,,[],,cp_3889318134
586,,,,[],,cp_3202870005
587,,,,[],,cp_9418062597
588,,,,[],,cp_5092016007
589,,,,[],,cp_5949204821
590,,,,[],,cp_3907769922
591,,,,[],,cp_6738448201
592,,,,[],,cp_1026320499
593,,,,[],,cp_8530467540
594,,,,[],,cp_9469013127
595,,,,[],,cp_3566487790
596,,,,[],,cp_8259743417
597,,,,[],,cp_1713272220
598,,,,[],,cp_8481559378
599,,,,[],,cp_7038952436
600,,,,[],,cp_4130500036
601,,,,[],,cp_7618890579
602,,,,[],,cp_8722996646
603,,,,[],,cp_5075661068
604,,,,[],,cp_8253956514
605,,,,[],,cp_4129775827
606,,info@spaziooff.com,www.spaziooff.com,[],+39 340 6895613,cp_3868341079
607,,,,[],,cp_9053656998
608,,,,[],,cp_1315548882
609,,,,[],,cp_3798345995
610,,,,[],,cp_8377256475
611,,,,[],,cp_3657919105
612,,,,[],,cp_2612591065
613,,,,[],,cp_5329069332
614,,mauro.piccoli@tin.it,http://www.pizzeriarosalpina.com,[],+39 0461 920131,cp_7960490046
615,,,,[],,cp_5458735562
616,,,,[],,cp_3797147397
617,,,,[],,cp_3801259778
618,,,,[],,cp_9143955588
619,,,,[],,cp_6584244800
620,,,,[],,cp_5691546147
621,,,,[],,cp_4597159755
622,,,,[],,cp_3737876560
623,,,,[],,cp_2389925361
624,,,,[],,cp_5266921847
625,,,http://www.officinagambrinus.com/,[],+39 0461 993261,cp_5004889915
626,,,,[],,cp_3095003473
627,,,,[],,cp_8955071713
628,,,,[],,cp_3782227953
629,,,,[],,cp_7619400751
630,,,,[],,cp_3487821371
631,,,,[],,cp_6464476242
632,,,,[],,cp_3118922210
633,,,,[],,cp_1046155506
634,,,,[],,cp_2987817382
635,,,,[],,cp_8842079341
636,,,,[],,cp_2562439863
637,,,,[],,cp_3704462785
638,,,,[],,cp_3397194493
639,,,,[],,cp_6034640953
640,,,,[],,cp_1709763769
641,,,,[],,cp_7968328617
642,,,,[],,cp_5100691227
643,,,,[],,cp_4676312730
644,,,,[],,cp_1889407934
645,,,,[],,cp_8791491548
646,,,,[],,cp_3213283002
647,,,http://www.autorimessaeuropa.it/,[],+39 0461 236185,cp_9127742381
648,,,,[],,cp_5068029090
649,,,,[],,cp_3244703189
650,,,,[],,cp_6883578042
651,,,,[],,cp_4669477354
652,,,,[],,cp_6369614670
653,,,,[],,cp_4665685528
654,,,,[],,cp_7619650591
655,,,,[],,cp_4988214524
656,,,,[],,cp_3229942402
657,,,,[],,cp_2031415355
658,,,,[],,cp_2657470120
659,,,,[],,cp_4175385188
660,,,,[],,cp_5277729200
661,,,,[],,cp_9391025092
662,,,,[],,cp_6903267389
663,,,,[],,cp_5131284041
664,,,,[],,cp_7146180129
665,,,,[],,cp_8400475528
666,,,,[],,cp_2651481361
667,,,,[],,cp_6304146297
668,,,,[],,cp_6959558508
669,,,,[],,cp_7371978232
670,,,,[],,cp_6572308569
671,,,,[],,cp_8426419168
672,,,,[],,cp_7361240466
673,,,,[],,cp_2459540647
674,,,,[],,cp_9906402154
675,,,,[],,cp_2530927728
676,,,,[],,cp_6105652035
677,,,,[],,cp_7510728420
678,,,,[],,cp_1467910855
679,,,,[],,cp_1705662220
680,,,,[],,cp_3031981536
681,,,,[],,cp_1725691779
682,,,,[],,cp_5343022686
683,,,,[],,cp_8133519287
684,,,,[],,cp_9209126067
685,,,,[],+39 0461 262109,cp_4988955540
686,,,,[],,cp_1854102328
687,,,,[],,cp_9473401390
688,,,,['https://www.facebook.com/Ristorante-Pizzeria-Aroma-Trento-358155874726541/'],+39 0461 092843,cp_3051085121
689,,,,[],,cp_3457250677
690,,,,[],,cp_8405724054
691,,,,[],,cp_5754638440
692,,,,[],,cp_1077338521
693,,,http://www.ristorantesaporoso.it,[],+39 0461 391118,cp_3461334767
694,,info@bbmargot.com,http://www.bbmargot.com/,[],+39 373 7738322,cp_5108223827
695,,,,[],,cp_1329534169
696,,,,[],,cp_5153302509
697,,,,[],,cp_8356304319
698,,,,[],,cp_3802555922
699,,,,[],,cp_9390325529
700,,,,[],,cp_1702856598
701,,,,[],,cp_9204638440
702,,,,[],,cp_4442655490
703,,,,[],,cp_7995033107
704,,,,[],,cp_9066475645
705,,,,[],,cp_7413576697
706,,bibliotecaingegneria@unitn.it,https://www.biblioteca.unitn.it/bum-biblioteca-universitaria-mesiano,[],+39 0461 281956,cp_5815104139
707,,,,[],,cp_1819805420
708,,,,[],,cp_2569427330
709,,,,[],,cp_1909545563
710,,,,[],,cp_4750019686
711,,,,[],,cp_8069248041
712,,,,[],,cp_6347608753
713,,,,[],,cp_8225488725
714,,,,[],+39 0461 234217,cp_4036214453
715,,,,[],,cp_5589942448
716,,,,[],,cp_3058646310
717,,,,[],,cp_8650854415
718,,,,[],,cp_2024899519
719,,,,[],,cp_2090011296
720,,,https://www.smorza.it/,['https://www.facebook.com/Pizzeria-Smorza-296045783918528/'],+39 0461 349130,cp_2020868268
721,,,,[],,cp_2946793283
722,,,,[],,cp_1497839950
723,,,,[],,cp_1240447395
724,,,,[],,cp_1502387690
725,,,,[],,cp_6978167424
726,,,,[],,cp_6985348849
727,,info@maisondefilip.it,https://www.maisondefilip.it/,"['https://www.facebook.com/lamaisondefilip/', 'la_maison_de_filip']",+39 0461 1415530,cp_5781214316
728,,,,[],,cp_1669587610
729,,,,[],,cp_2571954300
730,,,,[],,cp_1015394248
731,,,,[],,cp_8868713945
732,,,,[],,cp_1435012680
733,,,,[],,cp_9923457348
734,,,,[],,cp_3368412453
735,,,,[],,cp_1490899351
736,,,,[],,cp_6897456022
737,,,,[],,cp_3104274178
738,,,,[],,cp_9136200562
739,,,,[],,cp_8753310144
740,,,,[],,cp_3493200700
741,,,,[],,cp_4954764908
742,,,,[],,cp_6126836391
743,,,,[],,cp_1331209978
744,,,,[],,cp_7717609442
745,,,,[],,cp_9439720473
746,,,,[],,cp_3675113878
747,,,http://biblio.fbk.eu/,[],,cp_7481203398
748,,,,[],,cp_4069691623
749,,,,[],,cp_7663958650
750,,,,[],,cp_8030426351
751,,,,[],,cp_7755304773
752,,,,[],,cp_4529476515
753,,,,[],,cp_7786712762
754,,,,[],,cp_3069184075
755,,,,[],,cp_8521587736
756,,,,[],,cp_6715649185
757,,,,[],,cp_2365383070
758,,,,[],,cp_9579748003
759,,,,[],,cp_6004094186
760,,,,[],,cp_1672144446
761,,,,[],,cp_6679481453
762,,,,[],,cp_8100388986
763,,,,[],,cp_9123039433
764,,,,[],,cp_4297481324
765,,,,[],,cp_2836222311
766,,,,[],,cp_5364961361
767,,,,[],,cp_1948408797
768,,,,[],,cp_1794667735
769,,,,[],,cp_7639281255
770,,,,[],,cp_4428221605
771,,,,[],,cp_8376821842
772,,,,[],,cp_6563001653
773,,,,[],,cp_7077660455
774,,,,[],,cp_4537169576
775,,,,[],,cp_2458950728
776,,,,[],,cp_7792082083
777,,,,[],,cp_1019917299
778,,,,[],,cp_2862480649
779,,,,[],,cp_1190379827
780,,,,[],,cp_8281201499
781,,,,[],,cp_8037076776
782,,,,[],,cp_4546340379
783,,,,[],,cp_4849493239
784,,,,[],,cp_3770877878
785,,info@rifugioviotetrento.it,,"['https://www.tripadvisor.it/Restaurant_Review-g187861-d3721952-Reviews-Rifugio_Viote-Trento_Province_of_Trento_Trentino_Alto_Adige.html', 'https://www.facebook.com/Rifugio-Viote-GBA--137981213007391/']",+39 0461 947131,cp_5031919248
786,,,,[],,cp_5956304059
787,,,,[],,cp_8601393096
788,,info@anticastellatrento.com,http://www.anticastellatrento.com/,['https://www.facebook.com/anticastellaristorante/'],+39 0461 944401,cp_5997650599
789,,,,[],,cp_5128779308
790,,,,[],,cp_8278614485
791,,,,[],,cp_1112528401
792,,,,[],,cp_1274209542
793,,,,[],,cp_4557167866
794,,,,[],,cp_3906782966
795,,libertinotn@gmail.com,http://www.ristoranteillibertino.com/,[],+39 0461 260085,cp_2937416821
796,,,,"['https://www.tripadvisor.com/Restaurant_Review-g187861-d1382793', 'https://www.facebook.com/TrattoriaPiedicastelloTN']",+390461230730,cp_8131978239
797,,,,[],,cp_7836030837
798,,,,[],,cp_6540156708
799,,,,[],,cp_3638611843
800,,,,[],,cp_8839401744
801,,,,[],,cp_3990597665
802,,,,[],,cp_1785634470
803,,,,[],,cp_8394520678
804,,,,[],,cp_1486846324
805,,,,[],,cp_2539612384
806,,,,[],,cp_7433630414
807,,,,[],,cp_9461123107
808,,,,[],,cp_1149952030
809,,,,[],,cp_1014802656
810,,,,[],,cp_2658306950
811,,,,[],,cp_7285734310
812,,,,[],,cp_7876094290
813,,,,[],,cp_6026486999
814,,,,[],,cp_6084929151
815,,,,[],,cp_7206440341
816,,,,[],,cp_8697867580
817,,,,[],,cp_2799515622
818,,,,[],,cp_8683822570
819,,,,[],,cp_5713686141
820,,info@bbnettuno.it,http://www.bbnettuno.it,[],+39 345 8267294,cp_9074892909
821,,info@bbeden.it,http://www.bbeden.it/,[],+39 339 3650981,cp_9084259504
822,,,,[],,cp_9286347187
823,,,,[],,cp_7754827608
824,,,,[],,cp_1514054797
825,,,,[],,cp_4985707612
826,,,,[],,cp_6230657145
827,,,,[],,cp_3933333641
828,,,,[],,cp_6999029389
829,,,,[],,cp_7615440294
830,,,,[],,cp_5659696185
831,,,,[],,cp_5537100339
832,,,,[],,cp_7398367541
833,,,,[],,cp_6283404024
834,,,,[],,cp_6826362202
835,,,,[],,cp_1161658039
836,,,,[],+39 0461 991593,cp_3753024991
837,,,,[],,cp_5415037407
838,,,https://www.bblamalvasia.it/,[],+393311173197,cp_5494139545
839,,,,[],,cp_3696078587
840,,,,[],,cp_6394472375
841,,,https://www.operauni.tn.it/cms-01.00/articolo.asp?idcms=371&s=39,[],,cp_5058744600
842,,,,[],,cp_2184245185
843,,,,[],,cp_5163827313
844,,,,[],,cp_9932101207
845,,,,[],,cp_1067759702
846,,,,[],,cp_9367041771
847,,,,[],,cp_5248817116
848,,,,[],,cp_1334513570
849,,,,[],,cp_3245575688
850,,,,[],,cp_5771340853
851,,,,[],,cp_6156231740
852,,,,[],,cp_2147147165
853,,,,[],,cp_9321242949
854,,,,[],,cp_2031581862
855,,,,[],,cp_6507911739
856,,,,[],,cp_1872709961
857,,,,[],,cp_7040609548
858,,,,[],+39 0461 038998,cp_8172403540
859,,,,[],,cp_8503646010
860,,,,[],,cp_6074404655
861,,,,[],,cp_7995587578
862,,,,[],,cp_2848729451
863,,,,[],,cp_5120999087
864,,,,[],,cp_5379223275
865,,,,[],,cp_7780757432
866,,,,[],,cp_9460160207
867,,,,[],,cp_3362623020
868,,,,[],,cp_2955532766
869,,,,[],,cp_8200029142
870,,,,[],,cp_9196853110
871,,,,[],,cp_6555658560
872,,sosi@sositrento.it,http://www.sositrento.it/,[],+39 0461 238480,cp_1855239272
873,,,,[],,cp_7015541493
874,,,,[],,cp_3461302964
875,,,,[],,cp_5178403769
876,,,,[],,cp_1779913986
877,,,,[],,cp_8379160677
878,,masofinisterre@yahoo.it,https://www.masofinisterre.it/,['https://www.facebook.com/masofinisterre'],+39 0461 825752,cp_5955891359
879,,info@defantsclub.it,http://www.defantsclub.it/,[],+39 0461 039068,cp_9677322272
880,,,,[],,cp_3968091561
881,,,,[],,cp_6870397840
882,,,,[],,cp_7615571317
883,,,,[],,cp_3772004255
884,,,,[],,cp_7928234859
885,,wok.foryou@libero.it,http://www.wokforyou.it/,['https://www.facebook.com/pages/Restaurant-Wok-for-You'],+39 0461 1596994,cp_3699240698
886,,info@agriturallegorghe.it,http://www.agriturallegorghe.it,['https://www.facebook.com/agriturallegorghe'],+39 0461 448268,cp_8067251565
887,,trento@zushi.eu,http://www.zushi.eu/,[],+39 0461 092263,cp_2071192787
888,,komodo.trento@gmail.com,http://www.komodoapartments.com/,[],+39 346 2751251,cp_8151444382
889,,,,[],,cp_9911695669
890,,,https://www.locandaleduetravi.it/,[],+39 0461 096502,cp_6752088223
891,,,,[],,cp_2510987023
892,,,,[],,cp_6223241948
893,,,,[],,cp_2011079684
894,,,,[],,cp_3374029927
895,,,,[],,cp_2198246971
896,,,,[],,cp_9471425161
897,,,,[],,cp_4202602248
898,,,,[],,cp_4467007397
899,,,,[],+39 0461 821979,cp_8693045209
900,,,,[],,cp_9298367265
901,,,,[],,cp_1404674067
902,,,,[],,cp_9166644189
903,,,,[],,cp_2340816293
904,,,,[],,cp_1889230297
905,,,,[],,cp_6556893583
906,,,,[],,cp_3913410282
907,,,,[],,cp_8552215872
908,,,,[],,cp_2672080497
909,,,,[],,cp_6193182696
910,,,,[],,cp_7139399346
911,,,,[],,cp_5003602962
912,,,,[],,cp_2042437315
913,,,,[],,cp_8211094636
914,,,,[],,cp_8404457266
915,,,,[],,cp_1010923126
916,,info@almarinaio.eu,http://www.almarinaio.eu,['https://www.facebook.com/www.almarinaio.eu'],+39 0461 933053,cp_2750944818
917,,info@almarinaio.eu,http://www.almarinaio.eu,['https://www.facebook.com/www.almarinaio.eu'],+39 0461 933053,cp_2175823822
918,,info@almarinaio.eu,http://www.almarinaio.eu/,['https://www.facebook.com/www.almarinaio.eu'],+39 0461 933053,cp_9761465077
919,,,,[],,cp_3047855271
920,,,,[],,cp_3513156646
921,,,,[],,cp_5523662421
922,,,,[],,cp_8332757943
923,,,,[],+39 0461 916189,cp_5519259447
924,,,,[],,cp_5900868201
925,,,,[],,cp_7322652622
926,,,,[],,cp_3487479918
927,,acquablu.srl@alice.it,http://www.acquablusrl.it/,[],+39 0461 917260,cp_8482636170
928,,,,[],,cp_9129090703
929,,,,[],,cp_7556222252
930,,,,[],,cp_8910375473
931,,,,[],,cp_9600536683
932,,,,[],,cp_9676983784
933,,,,[],,cp_6044365024
934,,,,[],,cp_9806518036
935,,,,[],,cp_5054292073
936,,,,[],,cp_5582937859
937,,,,[],,cp_7047267518
938,,,,[],+39 0461 922785,cp_5134697481
939,,,,[],,cp_4006324380
940,,archivio_storico@comune.trento.it,http://www.bibcom.trento.it/info/archivio_storico,[],+39 0461 889548,cp_4831375087
941,,,,[],,cp_7695207493
942,,info@bibcom.trento.it,http://www.bibcom.trento.it,['https://www.facebook.com/bibliotecacomunaleditrento'],+39 0461 889521,cp_3900044378
943,,,,[],,cp_3952835600
944,,tn.povo@biblio.infotn.it,http://www.bibcom.trento.it/orari_sedi/sedi_periferiche/povo,[],+39 0461 889918,cp_4814112249
945,,,,[],+39 0461 390836,cp_2577337159
946,,,,[],,cp_1831992997
947,,,,[],,cp_6232711231
948,,,,[],,cp_3310946641
949,,,https://www.facebook.com/pages/Skyline-Bar/237214363021805,[],+39 349 1445152,cp_7721478478
950,,,,[],,cp_3462886155
951,,,,[],+39 0461 981783,cp_3334893487
952,,info@gallowaytrento.it,http://www.gallowaytrento.it/,[],+39 0461 944344,cp_5195901905
953,,,,[],,cp_2072679795
954,,,,[],,cp_2419507344
955,,,,[],,cp_6378285226
956,,,,[],,cp_9484332067
957,,yongtingwel@gmail.com,http://www.newyoung.it/,[],+39 0461 993470,cp_2818091829
958,,,http://www.oldwildwest.com/,[],,cp_2468703284
959,,,http://www.veggydays.it/trento,[],+39 0461 420112,cp_8919016100
960,,info@lastubedelgalletto.com,http://www.lastubedelgalletto.com/,[],+39 0461 1740474,cp_3858934495
961,,,,[],,cp_4332250400
962,,,,[],,cp_5991912040
963,,info@bbgiardino.it,http://www.bbgiardino.it,[],+39 0461 1865105,cp_9478813196
964,,,,[],,cp_8949744501
965,,,,[],,cp_8158809926
966,,,,[],,cp_1797173826
967,,,,[],,cp_5376061522
968,,,,[],+39 0461 091605,cp_4494791732
969,,,,[],,cp_5727963529
970,,,https://www.facebook.com/Italiana-Caff%C3%A8-Trento-333178883531110,[],+39 0461 093140,cp_7892159023
971,,,,[],,cp_4683047384
972,,,,[],,cp_8862459693
973,,,,[],,cp_2432948056
974,,,,[],,cp_7907353171
975,,,,[],,cp_4697360323
976,,,,[],,cp_6895779442
977,,,,[],,cp_4161275852
978,,,,[],,cp_2392685498
979,,,,[],,cp_3812592113
980,,,,[],,cp_1740649433
981,,,,[],,cp_8396409991
982,,,,[],,cp_6484853730
983,,le.ziette@virgilio.it,http://www.leziette.altervista.org/,[],+39 346 9491676,cp_8664559167
984,,,,[],,cp_9217844544
985,,isotta@risto3.it,http://www.risto3.it/ristoranti-self/trento/isotta,[],+39 0461 1734471,cp_5695490508
986,,,,[],,cp_3664546458
987,,,,[],,cp_7132420184
988,,,,[],,cp_1784370795
989,,,,[],,cp_8029761378
990,,,,[],,cp_2243480636
991,,,,[],,cp_9000412677
992,,,,[],,cp_3462800627
993,,,,[],,cp_9406406712
994,,,,[],,cp_3889495370
995,,,,[],,cp_2621753614
996,,,,[],,cp_1333840557
997,,,,[],,cp_8892651719
998,,,,[],,cp_8099250106
999,,,,[],,cp_9775322154
1000,,,,[],,cp_3496611356
1001,,,,[],,cp_6194362541
1002,,,,[],,cp_5409629816
1003,,,,[],,cp_2971252408
1004,,,,[],,cp_9197555622
1005,,,,[],,cp_9604441483
1006,,,,[],,cp_2765615538
1007,,,,[],,cp_1465733563
1008,,,,[],,cp_4775939275
1009,,,,[],,cp_5542329055
1010,,,,[],,cp_1494578852
1011,,,,[],,cp_8774616847
1012,,,,[],,cp_1155047988
1013,,,,[],,cp_9603297226
1014,,,http://www.percorsimusicali.net,[],,cp_6066769923
1015,,,,[],,cp_2984774315
1016,,,,[],,cp_5843516570
1017,,,,[],,cp_1087136769
1018,,,,[],,cp_5488958206
1019,,,,[],,cp_5205529576
1020,,,,[],,cp_4185810786
1021,,,,[],,cp_4175430271
1022,,,,[],,cp_3163621378
1023,,,http://www.americagraffiti.it,[],+39 0461 826673,cp_9496060835
1024,,,,[],,cp_9656761209
1025,,,,[],,cp_3577101516
1026,,,,[],,cp_2081104202
1027,,,,[],,cp_8913997439
1028,,,,[],,cp_4419903626
1029,,,,[],,cp_5483903891
1030,,,,[],,cp_6010401278
1031,,,,[],,cp_3547881508
1032,,,,[],,cp_1372059952
1033,,,,[],,cp_4983188714
1034,,,,[],,cp_8307734926
1035,,,,[],,cp_4571763627
1036,,,,[],,cp_9439884011
1037,,,,[],,cp_8004947706
1038,,,,[],,cp_5941105082
1039,,,,[],,cp_5703880304
1040,,,,[],,cp_4817897492
1041,,,,[],,cp_4002198059
1042,,,,[],,cp_4348518411
1043,,,,[],,cp_2508518702
1044,,,,[],,cp_6587637336
1045,,,,[],,cp_3327931257
1046,,,,[],,cp_5337890369
1047,,,,[],,cp_7835889369
1048,,,,[],,cp_8519718912
1049,,,,[],,cp_2522520899
1050,,,,[],,cp_7154773969
1051,,,,[],,cp_2588275780
1052,,,,[],,cp_6394875421
1053,,,,[],,cp_5287162336
1054,,,,[],,cp_3304839801
1055,,,,[],,cp_3447207034
1056,,,,[],,cp_6543176720
1057,,,,[],,cp_9274355125
1058,,,,[],,cp_2967615190
1059,,,,[],,cp_3564228309
1060,,,,[],,cp_3718718605
1061,,,,[],,cp_6838282630
1062,,,,[],,cp_4578003129
1063,,,,[],,cp_7190268282
1064,,,,[],,cp_3356711431
1065,,,,[],,cp_2506427108
1066,,,,[],,cp_4855495907
1067,,,,[],,cp_2711405442
1068,,,,[],,cp_5333328803
1069,,,,[],,cp_5090017701
1070,,,,[],,cp_3514292421
1071,,,,[],+39 0461 830683,cp_3901126301
1072,,,,[],,cp_7309900952
1073,,,,[],,cp_8465968725
1074,,vecchiatrento@gmail.com,,[],+39 0461 235352,cp_6385054901
1075,,,,[],,cp_9506372628
1076,,,,[],,cp_7102125547
1077,,,,[],,cp_7521795315
1078,,,,[],,cp_6234413644
1079,,,,[],+39 0461 945339,cp_9170464029
1080,,,,[],,cp_3139833425
1081,,,,[],,cp_9777984815
1082,,,,[],,cp_1580945323
1083,,,,[],,cp_4883640857
1084,,,,[],,cp_6575525482
1085,,,https://www.rifugiomaranza.com/,[],+39 0461 1862998,cp_2465700010
1086,,,https://www.rifugiomaranza.com/,[],,cp_6974801708
1087,,,,[],,cp_3587778485
1088,,,,[],,cp_2042746268
1089,,sushilandtrento@gmail.com,http://www.sushi-land.it/,['https://www.facebook.com/sushiland66/'],+39 0461 1580027,cp_8212790548
1090,,,,[],,cp_5640626695
1091,,,,['https://www.facebook.com/caffetteriaperghem/'],+39 0461 998877,cp_4332581843
1092,,,,[],,cp_6289955593
1093,,,,[],,cp_9400985227
1094,,,,[],,cp_5687909827
1095,,,,[],,cp_8713958386
1096,,trento@hotelbb.com,https://www.hotel-bb.com/it/hotel/trento.htm,[],+39 0461 961500,cp_7345641001
1097,,,,[],,cp_5388767375
1098,,hello@brewpassion.com,https://passionbrewery.com/,['https://www.facebook.com/passionbrewery/'],,cp_6585751028
1099,,,,[],,cp_2121116535
1100,,,,[],,cp_8822427212
1101,,,,[],,cp_8309948340
1102,,,,[],,cp_7083769430
1103,,,,[],,cp_8974904683
1104,,,,[],,cp_8987356866
1105,,,,[],,cp_4079878243
1106,,,,[],,cp_7071062006
1107,,,,[],,cp_9152325008
1108,,,,[],,cp_6053128485
1109,,,http://ecoargentario.it/orridopontealto,[],,cp_9989989677
1110,,,,[],,cp_9192033961
1111,,,,[],,cp_8089194243
1112,,info@laloggiadelcastello.com,laloggiadelcastello.com,[],327 8339777,cp_5091102366
1113,,,,[],,cp_6991420613
1114,,,,[],,cp_1508388975
1115,,,https://www.mrssporty.it/club/trento-buonarroti/,[],+39 0461 1910330,cp_5552936257
1116,,info@heartoftrento.com,http://www.heartoftrento.com/,['https://www.facebook.com/heartoftrento'],+39 327 1631980,cp_2577886157
1117,,,,[],,cp_8412179897
1118,,,https://www.buonconsiglio.it/index.php/it/Castello-del-Buonconsiglio,[],,cp_7500396549
1119,,,,[],,cp_8573112957
1120,,,,[],,cp_7867843167
1121,,,,[],,cp_9961636584
1122,,,,[],,cp_6367755473
1123,,,http://www.salustrento.it/,[],+39 345 529 3378,cp_1797315818
1124,,,https://iltorrione.trento.it,[],+39 0461 982991,cp_5429214072
1125,,,,[],,cp_1986071413
1126,,,,[],,cp_8228394040
1127,,,,[],,cp_7401340111
1128,,,,[],,cp_3338050308
1129,,,,[],,cp_6320265172
1130,,,,[],,cp_3057718456
1131,,,,[],,cp_7209426465
1132,,,,[],,cp_3615940615
1133,,,,[],,cp_7624663269
1134,,,http://cinema.parrocchiamattarello.it/,['cinemattarello'],+39 0461 945313,cp_7719104791
1135,,,,[],,cp_4370174596
1136,,infinityboulder@gmail.com,http://infinityboulder.it/,[],+39 345 7767114,cp_5592733812
1137,,,,[],,cp_8521255046
1138,,,,[],,cp_2831722501
1139,,,,[],,cp_1375555574
1140,,,,[],,cp_8839580728
1141,,,,[],,cp_5185915856
1142,,,,[],,cp_8543117811
1143,,,,[],,cp_3234043941
1144,,,,[],,cp_4608087523
1145,,,,[],,cp_3138761683
1146,,,,[],,cp_3626444234
1147,,,,[],,cp_2542402215
1148,,,,[],,cp_6325953952
1149,,,,[],,cp_6266576821
1150,,,,[],,cp_5778497826
1151,,,,[],,cp_8970682190
1152,,,,[],,cp_1869141707
1153,,,,[],,cp_1686128741
1154,,,,[],,cp_5189314127
1155,,,,[],,cp_7835226022
1156,,,,[],,cp_2171929096
1157,,,,[],,cp_3814658647
1158,,,,[],,cp_3665475499
1159,,,,[],,cp_6293914213
1160,,,,[],,cp_7836382850
1161,,,,[],,cp_1552963934
1162,,,,[],,cp_6592792251
1163,,,,[],,cp_4432750473
1164,,,,[],,cp_4300501169
1165,,,,[],,cp_7951424051
1166,,,,[],,cp_7407417216
1167,,,,[],+39 0461 961237,cp_2045023281
1168,,,https://www.ttram.it,[],,cp_5213430807
1169,,,,[],,cp_1104334673
1170,,,,[],,cp_6146291033
1171,,,,[],,cp_9443478379
1172,,,,[],,cp_2029014004
1173,,,,[],,cp_6515389995
1174,,,,[],,cp_6413886666
1175,,,,[],,cp_3709890723
1176,,,https://www.hotelmontebondone.it/de/restaurantdeu/,[],,cp_6300442763
1177,,,,[],,cp_5204151767
1178,,info@esperanto.trento.it,https://www.esperanto.trento.it,[],,cp_3136240075
1179,,,,[],,cp_9211838845
1180,,,,[],,cp_3932056976
1181,,,,[],,cp_2692771384
1182,,,,[],,cp_6733352001
1183,,,,[],,cp_4446567453
1184,,,,[],,cp_7006827077
1185,,,,[],+39 0461 182 3930,cp_1245536459
1186,,,,[],,cp_7644876486
1187,,,,[],,cp_2417250525
1188,,,,[],,cp_4845210849
1189,,,,[],,cp_9152404537
1190,,,,[],,cp_8058115055
1191,,,,[],,cp_9057363744
1192,,,,[],,cp_8610217326
1193,,,,[],,cp_7263524335
1194,,,,[],,cp_5539757369
1195,,,,[],,cp_9253387125
1196,,,,[],,cp_3129722421
1197,,,,[],,cp_5309796590
1198,,,,[],,cp_3993861189
1199,,,,[],,cp_9906871240
1200,,,,[],,cp_5219950256
1201,,,,[],,cp_1608783827
1202,,,,[],,cp_1405115674
1203,,,,[],,cp_5008901521
1204,,,,[],,cp_4625585016
1205,,,,[],,cp_8989534812
1206,,,,[],,cp_8550949788
1207,,,,[],,cp_7714027334
1208,,,,[],,cp_7518739431
1209,,,,[],,cp_1436570518
1210,,,,[],,cp_4897447778
1211,,,,[],,cp_5364484898
1212,,,,[],,cp_7685599655
1213,,,,[],,cp_6398328262
1214,,,,[],,cp_2561015503
1215,,,,[],,cp_6804498621
1216,,,,[],,cp_8142818942
1217,,,,[],,cp_6320676748
1218,,,,[],,cp_2930259733
1219,,,,[],,cp_6035947375
1220,,,,[],,cp_7019033409
1221,,,,[],,cp_1846947730
1222,,,,[],,cp_7673154567
1223,,,,[],,cp_1921713990
1224,,,,[],,cp_2625804313
1225,,,,[],,cp_1742024176
1226,,,,[],,cp_2891352226
1227,,,,[],,cp_3942635199
1228,,,,[],,cp_3413933105
1229,,,,[],,cp_9281664465
1230,,,,[],,cp_5419480223
1231,,,,[],,cp_5321094281
1232,,,http://www.laboratoriosociale.it/,[],,cp_1887304680
1233,,,,[],,cp_2663746473
1234,,,,[],,cp_7185176206
1235,,,,[],,cp_6904653150
1236,,,,[],,cp_4895771596
1237,,,,[],,cp_2955480183
1238,,,,[],,cp_2142281511
1239,,,,[],,cp_4120899942
1240,,,,[],,cp_6092803218
1241,,,,[],,cp_2302068255
1242,,,,[],,cp_1998469848
1243,,,,[],,cp_2753763125
1244,,,,[],,cp_5832936107
1245,,trento@waikikipoke.it,http://www.waikikipoke.it/,['https://www.facebook.com/waikikipoketn/'],+39 0461 141 7506,cp_2052998265
1246,,info@villasizzo.it,https://www.villasizzo.it,[],+39 0461 175 0000,cp_9079544973
1247,,,,[],,cp_5546509806
1248,,,,[],,cp_5079177254
1249,,,,[],,cp_3586539417
1250,,,,[],,cp_4527984646
1251,,,,[],,cp_1182646731
1252,,,,[],,cp_2615278255
1253,,,,[],,cp_7881446214
1254,,,,[],,cp_6001212787
1255,,,,[],,cp_8161471699
1256,,,,[],,cp_1751579957
1257,,,,[],,cp_9791519629
1258,,,,[],,cp_3056227989
1259,,,,[],,cp_4587984135
1260,,,,[],,cp_5759822202
1261,,,,[],,cp_3503793707
1262,,,,[],,cp_1214411718
1263,,,,[],,cp_9386284513
1264,,,,[],,cp_1223828988
1265,,,,[],,cp_8474235609
1266,,,,[],,cp_6762204159
1267,,,,[],,cp_5138620009
1268,,,,[],,cp_6832038963
1269,,,,[],,cp_5075755494
1270,,,,[],,cp_5925269498
1271,,,,[],,cp_4845965220
1272,,,,[],,cp_5540646605
1273,,,,[],,cp_9992718114
1274,,,,[],,cp_2424896282
1275,,,,[],,cp_4453803481
1276,,,,[],,cp_8482947742
1277,,,,[],,cp_4285458975
1278,,,,[],,cp_1796625319
1279,,,,[],,cp_2145150412
1280,,,,[],,cp_6670004805
1281,,,,[],,cp_5934352433
1282,,soulkitchensrls@gmail.com,https://soulkitchenbistrot.it/,"['https://www.facebook.com/soulkitchenstreet/', 'https://www.instagram.com/soulkitchen_street/']",+39 351 8785442,cp_8560873465
1283,,,,[],,cp_8092535967
1284,,,,[],,cp_2129741398
1285,,,,[],,cp_9763586530
1286,,,,[],,cp_4722862128
1287,,,,[],,cp_6928619470
1288,,,,[],,cp_9834305778
1289,,,,[],,cp_3564076650
1290,,,,[],,cp_4290802455
1291,,,,[],,cp_5518467699
1292,,,,[],,cp_4217539877
1293,,,,[],,cp_9677986540
1294,,,,[],,cp_7110011810
1295,,,,[],,cp_6393382571
1296,,,,[],,cp_6774264794
1297,,,,[],,cp_7813705683
1298,,,,[],,cp_4895065020
1299,,,,[],,cp_8314728338
1300,,,,[],,cp_8311142458
1301,,,,[],,cp_8123016471
1302,,,,[],,cp_6818420392
1303,,,,[],,cp_2293479053
1304,,,,[],,cp_6023048126
1305,,,,[],,cp_5611885760
1306,,,,[],,cp_7367768599
1307,,,,[],,cp_9196664321
1308,,,,[],,cp_4336683528
1309,,,,[],,cp_5809331052
1310,,,,[],,cp_5711774579
1311,,,,[],,cp_4120721225
1312,,,,[],,cp_7543186830
1313,,,,[],,cp_2725496443
1314,,,,[],,cp_4847867926
1315,,,,[],,cp_8156400597
1316,,,,[],,cp_9174920536
1317,,alcavour34@gmail.com,https://www.alcavour34.it/,[],+39 349 4155814,cp_6277742795
1318,,,,[],,cp_4998726801
1319,,,,[],,cp_3478158481
1320,,,,[],,cp_4312067248
1321,,,,[],,cp_6610480726
1322,,,,[],,cp_4083916809
1323,,,,[],,cp_1211288586
1324,,cismed@unitn.it,https://www.cismed.unitn.it/,[],,cp_2856557267
1325,,,,[],,cp_9111813919
1326,,,,[],,cp_8013771017
1327,,,,[],,cp_3018995050
1328,,,,[],,cp_8829967279
1329,,,http://hotelbeplace.com/,[],+390461418822,cp_3416538342
1330,,,,[],,cp_9194104150
1331,,,,[],,cp_6012678035
1332,,,,[],,cp_8584127876
1333,,,,[],,cp_2129352774
1334,,,,[],,cp_2662037654
1335,,,,[],,cp_6060432318
1336,,segreteria@minipolifonici.trento.it,,[],+39 0461 934880,cp_8923664868
1337,,,https://www.lettere.unitn.it/,[],,cp_4641087092
1338,,,,[],,cp_2942063902
1339,,,https://www.economia.unitn.it/,[],,cp_4621499812
1340,,,https://www.giurisprudenza.unitn.it/,[],,cp_7527340216
1341,,,https://www.biblioteca.unitn.it/buc-biblioteca-universitaria-centrale,[],+39 0461 283011,cp_9140102704
1342,,,https://www.maths.unitn.it/,[],,cp_2743696822
1343,,,https://www.disi.unitn.it/,[],,cp_6552970263
1344,,,https://www.biblioteca.unitn.it/bup-biblioteca-universitaria-povo,[],+39 0461 281510,cp_6729444850
1345,,tpf@bestinparking.it,http://bestinparking.it/garage/trento/piazza-di-fiera-1b,[],+39 0461 231225,cp_6613782430
1346,,,http://www.unitn.it/cimec,[],+39 0461 283080,cp_3260941082
1347,,,https://www.sociologia.unitn.it/,[],,cp_1277397854
1348,,dicam@unitn.it,https://www.dicam.unitn.it/,[],+39 0461 281978,cp_9831866645
1349,,,,[],,cp_1226456429
1350,,davinci@pec.provincia.tn.it,http://www.liceodavincitn.it/,[],+39 0461 984099,cp_2480205786
1351,,,,[],,cp_7178095434
1352,,,,[],,cp_9913075353
1353,,,,[],,cp_5729308015
1354,,ic.trento4@pec.provincia.tn.it,,[],0461/920316,cp_6949950901
1355,,giardino.botanico@muse.it,http://www.muse.it/it/visita/Muse-sul-Territorio/Pagine/Giardino-botanico-alpino-Viote-di-Monte-Bondone.aspx,"['https://duckduckgo.com/l/?kh=-1&uddg=https%3A%2F%2Fwww.tripadvisor.it%2FAttraction_Review-g187861-d3849182-Reviews-Giardino_Botanico_Alpino_Viote_di_Monte_Bondone-Trento_Province_of_Trento_Trentin.html', 'https://www.facebook.com/giardinobotanicoviote/']",+39 0461 948050,cp_3542947706
,,USQUERCIA@GMAIL.COM,http://www.usquercia.it,,0464-461500,cp_192836